dataset_name,original_url,download_date,license,license_url,citation,allowed_use,redistribution_restriction,modification_restriction,notes
C3GD,https://github.com/Stonewall-Defense/C3GD,2026-09-18,CC BY 4.0,https://creativecommons.org/licenses/by/4.0/,Stonewall Defense (2024). Certus Caliber Classification Gunshot Dataset,Research/Commercial with attribution,Can redistribute with attribution,Can modify with attribution,8,015 field-collected gunshot recordings
Gunshot Audio Forensics,https://cadreforensics.com/audio/,2026-09-18,Research use as-is,Not specified,NIJ Grant 2016-DN-BX-0183,Research only,Unknown redistribution,Unknown modification,~10,000 recordings, license unclear
Certus DCASE 2026,https://doi.org/10.5281/zenodo.20737299,2026-09-18,Unknown (likely CC BY),To be verified,Certus Innovations (2026),Research (likely),Unknown redistribution,Unknown modification,~22,306 recordings, largest gunshot dataset
Gunshot/Gunfire Audio,https://zenodo.org/records/7004819,2026-09-18,Open (likely CC BY),To be verified,Kabealo et al. (2022),Research (likely),Unknown redistribution,Unknown modification,Multi-device outdoor range recordings
RFCx FrugalAI,https://huggingface.co/datasets/rfcx/frugalai,2026-09-18,CC BY-NC 4.0,https://creativecommons.org/licenses/by-nc/4.0/,Rainforest Connection (2024),Research non-commercial only,No commercial redistribution,Can modify with attribution,Real forest chainsaw recordings, 12kHz Opus format
Greece Chainsaw Events,https://doi.org/10.5281/zenodo.5824433,2026-09-18,Open (likely CC BY),To be verified,Stefanakis et al. (2022),Research (likely),Unknown redistribution,Unknown modification,8kHz ARU recordings, TextGrid annotations
FSC22,https://ieee-dataport.org/documents/fsc22-dataset,2026-09-18,Unknown,To be verified,FSC22 contributors (2022),Research (likely),Unknown redistribution,Unknown modification,2,025 clips from FreeSound, 34 classes
ESC-50,https://github.com/karolpiczak/ESC-50,2026-09-18,CC BY-NC 3.0,http://creativecommons.org/licenses/by-nc/3.0/,Piczak (2015),Research non-commercial only,No commercial redistribution,Can modify with attribution,2,000 environmental recordings, 50 classes
UrbanSound8K,https://zenodo.org/records/1203745,2026-09-18,Unknown,To be verified,Salamon et al. (2014),Research (likely),Unknown redistribution,Unknown modification,8,732 urban sounds, variable sample rates
Sensing the Forest,https://zenodo.org/records/18909809,2026-09-18,CC0 1.0,https://creativecommons.org/publicdomain/zero/1.0/,Sensing the Forest Project (2024),Any use,Can redistribute,Can modify,Authentic forest soundscapes, public domain
dB@risoux,https://doi.org/10.5281/zenodo.14856482,2026-09-18,Unknown,To be verified,Parc Naturel Régional du Haut-Jura,Research (likely),Unknown redistribution,Unknown modification,35,023 1-min forest recordings, year-long
Avian Vocalizations,https://zenodo.org/records/20038954,2026-09-18,Unknown,To be verified,Northeastern USA Parks Research,Research (likely),Unknown redistribution,Unknown modification,1,302 recordings, 96 bird species
AudioSet,https://research.google.com/audioset/,2026-09-18,CC BY 4.0,https://creativecommons.org/licenses/by/4.0/,Google Research (2017),Research with attribution,Cannot redistribute audio (YouTube ToS),Can modify features,2M+ YouTube clips, audio redistribution prohibited
